,original label,attacked label,original premise,original hypothesis,transformed,attack
0,1,,"""""""Решение носит символический характер, так как взыскать компенсацию практически невозможно"""", - отмечается в сообщении.""",Взыскать компенсацию не получится.,Взыскать компенсацию не получится.,skipped
1,1,0.0,"Об этом вечером во вторник, 17 января, сообщила пресс-служба Спасательного департамента, отметив, что немецкую противотанковую мину Tellermine 42 обнаружили в на улице Кеэвисе в ходе земляных работ. Спасатели эвакуировали жителей окрестных домов, офисов и складских помещений. Уничтожать мину на месте не стали, поскольку это угрожало повреждению трассы трубопровода.",На улице Кеэвисе жителей эвакуировали из-за мины.,На жителях Кеэвисе мины эвакуировали из-за улицы .,failed
2,1,0.0,"""В суде Центрального района Сочи завершилось рассмотрение уголовного дела в отношении 81-летнего местного жителя, который застрелил обидчика своей дочери. """"Степан Вагин приговорен к трем годам лишения свободы условно с испытательным сроком два года"""", - сообщил агентству """"Интерфакс-Юг"""" в пятницу адвокат подсудимого Илья Иванов. По его словам, суд сделал снисхождение пенсионеру, поскольку он является тружеником тыла и инвалидом второй группы, и назначил наказание """"ниже низшего предела"""".""",81-летний пенсионер застрелил обидчика дочери.,81-летний обидчик застрелил пенсионера дочери .,failed
3,1,1.0,"""Кто-то нарисовал на снегу контур человеческого тела, как делают на месте убийств в сериалах о полиции, и подписал """"Осторожно!""""""",Кто-то изобразил на снегу контур человеческого тела.,снег изобразил на контуре кого-то человеческого тела .,succeeded
4,1,1.0,"Также установлено, что работники учреждения несвоевременно проходят медицинский осмотр. Лекарственные препараты в медкабинете хранятся с нарушением температурного режима. Антитеррористическая защищенность детского сада не обеспечивается, так как заведующая учреждения не разработала ни одного локального акта в данной сфере.",В детском саду не все вовремя проходят медосмотр.,В детском медосмотре не все вовремя проходят сад .,succeeded
5,1,,"Таким образом, правящая коалиция получит большинство в обеих палатах, так как она уже занимает большинство мест в нижней палате.",Правящая коалиция может получить большинство в обеих палатах.,Правящая коалиция может получить большинство в обеих палатах.,skipped
6,1,1.0,"Кроме того, власти Грузии подписали на добровольной основе соглашения  о взаимопонимании, которые тоже полностью выполняют. Что касается отношений непосредственно с представителями грузинской власти, вы знаете, что наша миссия является миссией нейтральной и независимой от грузинских властей, но мы пытаемся, стремимся к тому, чтобы иметь наилучшие отношения со всеми участниками Женевских переговоров. Но, конечно, мы придаем большее внимание отношениям с грузинскими властями, так как были приглашены грузинским государством, и мы находимся на грузинской территории.",Власти Грузии полностью выполняют подписанные соглашения о взаимопонимании.,соглашения Грузии полностью выполняют подписанные власти о взаимопонимании .,succeeded
7,1,0.0,"Сотрудники МЧС извлекли его из воды, после чего мужчина рассказал о подробностях произошедшего. По словам потерпевшего, на него напали выходцы с Северного Кавказа. О причинах конфликта мужчина досказать не успел, так как потерял сознание.",Спасатели достали мужчину из воды.,мужчина достали воду из спасателей .,failed
8,1,,"Мы уже говорили, что подрядчики не должны этого делать, все работы нужно выполнять своевременно. Такие работы оплачиваться не будут. Для нас приоритет – не освоение денег, а то, что мы получаем в итоге, – подчеркнул губернатор.",Результат для нас в приоритете.,Результат для нас в приоритете.,skipped
9,0,,"""Отвечая на вопросы журналистов о возможной отмене нормы закона об обязательном наличии бесплатного дублера при строительстве платных дорог, вице-премьер подчеркнул, что """"это дискуссионная тема, которая была предложена экспертами"""". """"В правительстве пока осторожно относятся к данному предложению, которое нуждается в детальном изучении"""", - заявил Шувалов. По данным социологического исследования, вопрос платных автомобильных дорог большую часть россиян не волнует, так как они не имеют машин, а среди тех, у кого она есть, каждый пятый не намерен пользоваться такими трассами.""",У каждой платной дороги обязательно будет бесплатный дублер.,У каждой платной дороги обязательно будет бесплатный дублер.,skipped
10,1,0.0,"""Военнослужащие ВМС Израиля в субботу высадились на судно """"Эстель"""", перевозившее активистов в сектор Газа, передает агентство АФП. Источник в израильском военном командовании сообщил агентству, что военные захватили контроль над судном. По его словам, в ходе этой операции силу применять не пришлось, так как никто из активистов не стал оказывать сопротивление.""",Военные захватили контроль над судном.,контроль захватили военных над судном .,failed
11,0,0.0,"Женщина попросила личным заявлением освободить ее от должности главы министерства государственного имущества республики по собственному желанию, что и было сделано в течении нескольких минут.",Женщина ушла без заявления.,заявление ушла без женщины .,succeeded
12,0,0.0,"Я давно хотела слепить снежный мотоцикл, но вот мы только собрались, примерились к этой куче, а я глянула и поняла, что вижу там только Будду. Доброго такого, пузатого, довольного и умиротворенного, - рассказывает Дарья. - Пока делали, несколько раз приходилось объяснять соседям, что это не развратная женщина, потому что начали с ног.",Снежный Будда сразу понравился соседям.,Снежный соседи сразу понравился будде .,succeeded
13,0,0.0,"Концерт стал знаменателен и тем, что во время выступления певица презентовала свой новый альбом.",Во время концертов певица всегда презентует свои новые альбомы.,Во время певицы альбомы всегда презентует свои новые концерты .,succeeded
14,0,1.0,"Документы снова вернутся на рассмотрение, поскольку Верховный суд поддержал апелляцию прокуратуры на оправдательный приговор.",Верховный суд завернул апелляцию.,Верховный апелляция завернул суд .,failed
15,0,1.0,"Затем машину откинуло на полосу встречного движения на Isuzu Forward. - В результате аварии водитель автомобиля Nissan Tino и его два пассажира, среди которых была малолетняя девочка, от полученных травм скончались на месте происшествия, - сообщили «КП-Владивосток» в прокуратуре Приморского края. Суд слушался в особом порядке так как обвиняемый полностью признал свою вину.",Авария произошла в лесу.,лес произошла в аварии .,failed
16,1,,"""Сулейманов подчеркнул, что по тонкому льду нельзя ездить на таком примитивном средстве, как мотобуксировщик. Если снегоход еще может проскочить опасное место, то """"мотособака"""" тянет как якорь в любую полынью. - Но рыбаки и дачники активно используют эти машины, потому что стоят они недорого, просты в управлении - к примитивному мотору с ручкой цепляются любые сани.""","Сулейманов объяснил, чем мотобуксировщик опаснее снегохода.","Сулейманов объяснил, чем мотобуксировщик опаснее снегохода.",skipped
17,0,0.0,"В какой-то момент между ними возникла ссора, и тогда он несколько раз ударил ножом собутыльника. От полученных ранений потерпевший скончался на месте происшествия. - Во время допроса злоумышленник так и не смог вспомнить причину ссоры, поскольку был сильно пьян.",Потерпевший скончался еще до ссоры.,ссора скончался еще до потерпевшего .,succeeded
18,0,0.0,"Мы попытались это сделать в МГУ. Сначала проложили по дороге. Вынуждены были убрать, потому что невозможно.","Сперва мы проложили по дороге, затем оставили.","Сперва дорога проложили по нам , затем оставили .",succeeded
19,0,0.0,"""Второй тайм начался в том же стиле: игроки """"Зенита"""" буквально не вылезали из положения вне игры или отправляли мячи в сторону трибун, а футболисты """"Андерлехта"""" выдавали неприятные контратаки. Так прошел час игры, Спалетти решил добавить команде движения и остроты и выпустил Быстрова. Это действительно помогло, потому что у команды сразу начали получаться неплохие атаки, а бельгийцам пришлось отойти назад.""",Второй тайм резко отличался от первого.,Второй первое резко отличался от тайма .,succeeded
20,0,0.0,"В квартире на 2 этаже находился 70-летний хозяин, когда неожиданно раздался громкий хлопок и погас свет. Оказавшись на кухне, мужчина увидел огонь. После попытки самостоятельно потушить пламя хозяин попытался выйти наружу, потому что из-за дыма стало нечем дышать.",На кухне сушился хлопок.,На хлопке сушился кухня .,succeeded
21,0,0.0,"""В кассах с утра продавали билеты без предъявления паспорта, а перед самой игрой кассиры решили переписывать данные с документов, что является нарушением закона о сохранении персональных данных. """"После вмешательства РФПЛ и лично Александра Мейтина такой вид реализации билетов был прекращен. А вот на действия полиции это не повлияло, так как им никто не указ"""".""",Кассиры сознательно нарушали закон о сохранении персональных данных.,закон сознательно нарушали кассиры о сохранении персональных данных .,succeeded
22,0,0.0,"В Ростовской области спасатели обнародовали количество жителей, которые окунулись на Крещение.",В Ростовской области подсчитали утонувших на Крещение.,В Ростовской утонувших подсчитали области на Крещение .,succeeded
23,1,,"2 августа пьяные приятели, шагая по грунтовке, увидели оставленную без присмотра «Ниву». Ребята искали кого-нибудь, чтобы вытащить застрявший неподалеку автомобиль своей подруги, но ждать или искать хозяина внедорожника не стали: просто разбили стекло.",Неподалеку застрял автомобиль их подруги.,Неподалеку застрял автомобиль их подруги.,skipped
24,1,,"Народ уже задумывается, куда отправится повеселиться.",Народ готовится повеселиться.,Народ готовится повеселиться.,skipped
25,0,0.0,"В зарубежной практике примеров подобной нормы, по его мнению, не встречается. В мировой практике акционерное соглашение дополняет или замещает некоторые элементы учредительных документов. Делается это в том числе для того, чтобы сохранить некоторые положения соглашений конфиденциальными, поскольку учредительные документы доступны широкому кругу лиц.",В мировой практике акционерное соглашение только дополняет некоторые элементы учредительных документов.,В мировой соглашении акционерное элементы только дополняет некоторые практика учредительных документов .,succeeded
26,1,0.0,"Многие уже привыкли, что синоптики не раз объявляли оранжевый уровень опасности летом и осенью.",Синоптики объявляли оранжевый уровень опасности не раз.,уровень объявляли оранжевый разы опасности не синоптиков .,failed
27,0,1.0,"""Гитлера в военной Германии для гер Шмидта тоже не существует, он его отрицает, как Бога. Прямого противостояния между Капитаном и Шмидтом, понятное дело,  не возникает, уж слишком о разных вещах думают эти герои. В """"Первом мстителе"""", кажется, вообще мало кто думает, потому что у них в этой истории, как у пьяного -  что на уме, то и на языке.""","""В """"Первом мстителе"""" никто не думает.""",""" мстителе "" "" Первом ником "" "" в не думает . """,failed
28,1,0.0,"""""""В магазинах очереди"""", - рассказала агентству одна из очевидцев, приехавших из Краснодара. Пожилая женщина рассказала, что когда началось наводнение, в доме кроме нее были только двухлетний внук, кошка и собака. Она их подняла на крышу сарая, а сама туда забираться не стала, поскольку побоялась обрушения.""",Пожилая женщина пострадала от наводнения.,Пожилая наводнение пострадала от женщины .,failed
29,1,0.0,"Мне очень жаль, если мои слова восприняли как оскорбление юбилея русского хоккея. Я глубоко уважаю ваш хоккей и хочу поздравить его со знаменательной датой. Русский хоккей всегда занимал одну из главных ролей в мире, и я хочу, чтобы у него было столь же светлое будущее.",Я желаю русскому хоккею светлого будущего.,хоккей желаю русскому мне светлого будущего .,failed
30,0,0.0,"Для нашего региона мясной проект имеет не только экономическое значение, но и играет огромную социальную роль.",Мясной проект сыграл свою роль и будет закрыт.,Мясной роль сыграл свою проект и будет закрыт .,succeeded
31,1,0.0,"""Как отмечается в сообщении, данная информация опубликована на странице """"Обращение за визой США"""", а также при входе в консульский отдел посольства. Как ранее разъяснили в посольстве США, при обращении за визой на сайте  заявители видят объявление, в котором говорится: """"Пожалуйста, примите во внимание: не разрешается проносить (а) электронные устройства (за исключением мобильного телефона, размеры которого не превышают 3см X 13см Х 6см); (б) предметы, которые могут быть использованы как оружие; (с) большие сумки, включая портфели, рюкзаки, чемоданы, спортивные сумки и т.п. Поскольку сотрудники посольства не принимают на хранение такие предметы, их владельцам может быть запрещен вход в здание Посольства"""".""",В Посольство США с планшетом не пройдешь.,В планшет США с посольством не пройдешь .,failed
32,1,,"""""""Я не вижу другого основания скликать правозащитную публику"""". Резник сообщил, что в его приглашении начало встречи указано в 16:30 мск в пятницу. """"Интересно, каким образом будет происходить встреча, поскольку, чтобы попасть в транзитную зону, надо пересекать границу"""".""","Резник рассказал, что написано в его приглашении.","Резник рассказал, что написано в его приглашении.",skipped
33,1,1.0,"На заседании областного Совета при губернаторе по развитию физической культуры и спорта чиновники отметили, что прошедший год был для отрасли успешным.",В областном Совете при губернаторе прошло заседание по развитию физической культуры и спорта.,В областном заседании при губернаторе прошло совет по развитию физической культуры и спорта .,succeeded
34,0,,"Приятная новость для тех, кто задумывался об ипотеке, но по разным причинам пока не решался: банковский сектор чутко реагирует на ситуацию и старается предлагать более широкие возможности для клиентов.",Есть плохая новость.,Есть плохая новость.,skipped
35,1,,"""""""Сегодня поисковая операция была прекращена, так как она стала слишком опасной"""", - сказал он на условиях анонимности.""",Поисковая операция продолжаться не будет.,Поисковая операция продолжаться не будет.,skipped
36,0,0.0,"В первом периоде преимущество было на стороне наших хоккеистов, однако вратарь хозяев играл безупречно.",В первом периоде наши хоккеисты играли лучше вратаря хозяев.,В первом хоккеистах наши период играли лучше вратаря хозяев .,succeeded
37,0,,"Предприниматели продолжают устанавливать незаконные постройки, однако власти города на примере Сенной площади уже доказали, что лучше не спорить и убрать свое добро самостоятельно.",Незаконные постройки устанавливать перестали.,Незаконные постройки устанавливать перестали.,skipped
38,0,1.0,"Началось все со словесной перепалки, а закончилось рукоприкладством.",Словесная перебранка завершилась стрельбой.,Словесная стрельба завершилась перебранкой .,failed
39,0,,"Компенсации полагаются каждому из 4234 пассажиров. Также не исключено, что некоторые пассажиры направят иски в суд с требованием о дополнительных компенсациях. В настоящий момент судно охраняется от возможных грабителей, поскольку на его борту остались материальные ценности.",Не каждому из пассажиров положена компенсация.,Не каждому из пассажиров положена компенсация.,skipped
40,0,0.0,"Врачи диагностировали у мужчины перелом плеча и травму тела, которые оцениваются как вред здоровью средней тяжести.",У мужчины восстановилось плечо.,У плечо восстановилось мужчин .,succeeded
41,0,0.0,"Отметил День защитника отечества, называется.",День защитника отечества вызвал только приятные эмоции.,эмоции защитника отечества вызвал только приятные день .,succeeded
42,0,1.0,"Пострадавший пробирался между вагонами состава, когда поезд начал движение.",Пострадавший находился в километре от железной дороги.,километр находился в пострадавшем от железной дороги .,failed
43,1,,"""""""Нам надо совместно проводить жесткую политику: этого не должно быть, мы не должны травить людей. На нашей стороне это карается жестко — это уголовно наказуемое деяние"""", — сказал он. Русый отметил, что если белорусские специалисты выявляют на рынке фальсифицированное продовольствие, тут же сообщают российским коллегам, потому что должна быть """"немедленная реакция"""".""","Белорусы не хотят, чтобы люди травились.","Белорусы не хотят, чтобы люди травились.",skipped
44,1,1.0,"Всех пострадавших медики доставили в ближайшую больницу. Областной главк полиции сообщает, что водители находились в трезвом состоянии. По факту дорожного инцидента проводится проверка, после которой примут соответствующее процессуальное решение.",Пострадавшие попали в ближайшую клинику.,клиника попали в ближайшую пострадавших .,succeeded
45,0,0.0,"Это должно дать свой результат - поголовье птиц станет в два раза больше, считают специалисты.",Специалисты пересчитают поголовье птиц другим способом.,поголовье пересчитают способ птиц другим специалистами .,succeeded
46,0,,"Как только совы вылечатся, их отпустят в естественную среду. Самим фотографам грозит штраф. Напомним, в конце прошлого года инспекторы уже изымали сов у фотографов.",Совы уже здоровы.,Совы уже здоровы.,skipped
47,1,0.0,"""""""Дай бог им здоровья"""", - добавил он. """"Но я предпочитаю меньше обращать на это внимания. Потому что, если придавать этому слишком много значения, это начнёт влиять на принятие решений"""".""",Он пожелал им здоровья.,они пожелал здоровью его .,failed
48,0,0.0,"Недавно стало известно, что в общественном транспорте столицы и областных городов подорожает проезд.",Проезд подорожает только в общественном транспорте столицы.,транспорт подорожает только в общественном проезде столицы .,succeeded
49,0,0.0,"Как рассказали «Комсомольской правде» в пресс-службе администрации Псковской области, квартиры получили семьи, которые раньше жили в аварийных домах.",Семьи уже переехали из аварийных домов в новые квартиры.,домов уже переехали из аварийных квартиры в новые семьи .,succeeded
50,1,1.0,"""Патриарх Московский и всея Руси Кирилл призвал священников не участвовать в ток-шоу и не стремиться к """"мнимой популярности"""" в социальных сетях. """"Не дай Бог нам, людям церковным, соблазниться мнением о нас в блогах или даже в СМИ. Потому что, поступив так единожды, мы попадаем в ловушку и начинаем делать все, для того чтобы поддерживать сложившийся рейтинг"""".""",Патриарх Московский и всея Руси Кирилл призвал священников отказаться от участия в ток-шоу.,священники Московский и всея Руси Кирилл призвал патриарха отказаться от участия в ток-шоу .,succeeded
51,0,,"Силовики также разберутся, как удалось получить разрешение на строительство у мэрии города.",Разрешение на строительство у мэрии города получить не удалось.,Разрешение на строительство у мэрии города получить не удалось.,skipped
52,0,,"К спасательной операции подключились силы Национальной гвардии США и дополнительные полицейские подразделения. На грузовиках они подвезли провиант и воду в районы у восточных склонов Скалистых гор, которые в данный момент оказались полностью блокированы в результате разлива рек. Работы осложняются, так как многие дороги оказались непроходимы из-за оползней, спровоцированных разливом воды.",В Европе наводнение.,В Европе наводнение.,skipped
53,1,0.0,"Животное пыталось выбраться, но сил уже не хватало. Девушки подбежали к проруби, начали подзывать собаку к себе. Когда она подплыла поближе, они вытащили ее из воды.",Собака попала в прорубь.,прорубь попала в собаку .,failed
54,0,0.0,"Проверке подверглись всего четыре торговых точки, поскольку лицензии на продажу подобных изделий есть только в этих магазинах.",Четыре остальных магазина работают без лицензии.,Четыре остальных лицензии работают без магазина .,succeeded
55,1,1.0,"Напомним, их обвиняют в получении взяток и посредничестве во взяточничестве.",Им предъявляют обвинения.,обвинениям предъявляют их .,succeeded
56,1,,"Трижды он был привлечён судебным приставом к административной ответственности по ст. 17.15 КоАП РФ за неисполнение содержащихся в исполнительном документе требований неимущественного характера. Так как срок для добровольного исполнения истёк, пристрой снесли принудительно.",Пристрой был снесен.,Пристрой был снесен.,skipped
57,1,,"Рождество Христово - время радости, и этой радостью хочется делиться со всеми, а особенно с теми, кто в ней нуждается: одинокими стариками, мамами, попавшими в трудную ситуацию, - рассказали в хабаровской епархии.",Рождество - радостное время.,Рождество - радостное время.,skipped
58,0,,"Для молодого организма это не прошло бесследно. Резкое токсическое воздействие этанола привело к смерти парня. Его тело обнаружила бабушка, которая вернулась на следующий день.",Молодой организм стал сильнее от этанола.,Молодой организм стал сильнее от этанола.,skipped
59,0,0.0,"После праздников электрички области начнут циркулировать по новому расписанию, сообщают в Самарской пригородной пассажирской компании.",В Самарской области сохранится прежнее расписание электричек.,В Самарской расписании сохранится прежнее область электричек .,succeeded
60,0,0.0,"""По его словам, три вагона сошли с колеи по одной оси на грузовой ветке в районе Белоострова. """"Пострадавших и технологических разрушений нет. Задержек в следовании поездов тоже, поскольку по этой линии пассажирские составы не ходят"""", - сказал собеседник.""",Ничего не случилось только на железной дороге в районе Белоострова.,дороге не случилось только на железной ничего в районе Белоострова .,succeeded
61,0,1.0,Учредителем центра стала Государственная канцелярия.,Государственная канцелярия выступила перед учредителем.,Государственная учредитель выступила перед канцелярией .,failed
62,0,0.0,"Со своими лопатами, совками, ведрами пришли целые семьи, рабочие коллективы, школьные классы. Длина замкнутой стены получилась 116 метров, высота в самой низкой части - 150 сантиметров. Строить было нелегко, так как на улице стоит мороз.",Стену строили всего несколько человек.,человека строили всего несколько стена .,succeeded
63,1,,"""""""Это - финальный аккорд предвыборной кампании"""", - сказал В.Бурматов в четверг, которого цитирует сайт """"Единой России"""". По мнению депутата, митинг демонстрирует, что не только содержательная повестка дня, но и улица полностью перехвачена пропутинскими силами. """"И ни о каких оранжевых сценариях говорить уже просто не придется, потому что улица занята нами"""", - заявил парламентарий.""","По мнению депутата, повестка дня перехвачена путинскими силами.","По мнению депутата, повестка дня перехвачена путинскими силами.",skipped
64,1,,"""""""Только что я покинул территорию колонии, где находится Маша, и могу сообщить, что ее перевели в изолированный блок медицинской части, где обычно содержатся инфекционные больные"""", - сообщил """"Интерфаксу"""" муж второй участницы группы Надежды Толоконниковой Петр Верзилов. По его словам, во вторник пошли седьмые сутки голодовки Алехиной. Решением администрации колонии она была направлена для наблюдения медиков, так как, по их мнению, ее физическое состояние ухудшилось.""",Мария Алехина направлена для наблюдения медиков.,Мария Алехина направлена для наблюдения медиков.,skipped
65,0,,"Малыш, которому исполнилось всего один месяц от роду, скончался от острого отравления алкоголем. Как выяснилось в ходе доследственной проверки, вечером накануне гибели ребенка мать захотела выпить спиртного. Муж не мог ее остановить, потому что в это время был на работе.",Мать не успела выпить спиртного.,Мать не успела выпить спиртного.,skipped
66,0,0.0,"Если посмотреть соотношение EBITDA по нашим компаниям, то они существенно ниже, чем у зарубежных. Почему? Потому что правила работы отрасли все время меняются, и инвесторы сейчас боятся вкладывать в отрасль деньги.",Инвесторы готовы к риску.,риск готовы к инвесторам .,succeeded
67,1,0.0,"В Ростовской области спасатели обнародовали количество жителей, которые окунулись на Крещение.",В Ростовской области подсчитали окунувшихся на Крещение.,В Ростовской окунувшихся подсчитали области на Крещение .,failed
68,1,,"Выпивали, веселились, после чего вспыхнула ссора. Гости набросились на хозяйку и избили. Осознав, чем это может грозить, мужчины решили скрыть следы преступления.","Выпивали, веселились, побили хозяйку и испугались содеянного.","Выпивали, веселились, побили хозяйку и испугались содеянного.",skipped
69,0,0.0,"Соцзащита населения выделила транспорт, врача. Приехали — все рассказал губернатору. Губернатор сказал, что помогут, выделят деньги.",Губернатор не обещал материальную помощь.,помощь не обещал материальную губернатора .,succeeded
70,1,0.0,"Прибывшие на место стражи порядка следов взлома не обнаружили. Однако установили, что злоумышленник проник в помещение через незапертую форточку. На окне он оставил свои отпечатки пальцев, по которым полицейские и нашли причастного к краже мужчину.",Стражи порядка осмотрели форточку.,форточки порядка осмотрели стражу .,failed
71,1,1.0,Таксист поблагодарил водителя трамвая за помощь.,Таксисту помог водитель трамвая.,водителю помог таксист трамвая .,succeeded
72,1,,"В случившееся трудно поверить. Произошла огромная трагедия. Уверен, причины будут установлены, но людей не вернёшь.",Люди погибли и их не вернешь.,Люди погибли и их не вернешь.,skipped
73,1,0.0,"""Ростуризм завершает формальности для транспортировки тел погибших в Альпах российских туристов, сообщили агентству """"Интерфакс-Юг"""" в Южном региональном центре МЧС России. """"Все формальности сейчас решаются. Здесь проблем не будет, так как туристы были застрахованы.""",В Альпах погибли туристы из России.,В туристах погибли альпы из России .,failed
74,0,0.0,"Косвенная связь есть. Она человек публичный, таскала меня с собой на все светские мероприятия. Когда все это закончилось, остался один футбол, и все стало лучше.",У меня не осталось даже футбола.,У футбол не осталось даже меня .,succeeded
75,1,1.0,"Об этом «Комсомольской правде»-Красноярск сообщили в пресс-службе краевого следственного комитета. Как доказали следствие и суд, эта женщина, используя свое служебное положение, устроила на работу учителями четверых своих знакомых. Но фактически те не работали, а их зарплату снимала с карт сама директор.",Женщина совершила подлог.,подлог совершила женщина .,succeeded
76,0,0.0,"Злостный алиментщик решил провернуть незаконную сделку, чтобы не попасть в поле зрения судебных приставов.",Алиментщик находился в поле зрения судебных приставов.,поле находился в алиментщике зрения судебных приставов .,succeeded
77,1,,"Я сегодня первый раз вышла. Когда волна недовольства только начинала подниматься, я как-то равнодушно к этому отнеслась. Тогда муж сказал, что хочет пойти на Болотную - даже пыталась его отговорить, так как очень испугалась, что его могут замести.",Я пыталась отговорить мужа.,Я пыталась отговорить мужа.,skipped
78,1,,"""ЛГБТ-активисту Николаю Алексееву, который был признан виновным в пропаганде гомосексуализма, стоит обратиться в Конституционный суд РФ, считает член Общественной палаты РФ, президент адвокатской палаты Москвы Генри Резник. """"Николаю Алексееву надо идти обжаловать вынесенное решение в кассационном суде, а затем обращаться в Конституционный суд, который, скорее всего, признает питерский закон о запрете пропаганды гомосексуализма неконституционным"""", - сказал Резник в пятницу """"Интерфаксу"""". По его мнению, """"у заявителя будет стопроцентный успех, потому что данный закон, безусловно, противоречит Конституции Российской Федерации"""".""","Адвокат Генри Резник считает, что в Конституционном суде РФ ЛГБТ-активист успешно оспорит обвинение в пропаганде гомосексуализма.","Адвокат Генри Резник считает, что в Конституционном суде РФ ЛГБТ-активист успешно оспорит обвинение в пропаганде гомосексуализма.",skipped
79,1,0.0,"""В церемонии приняли участие премьер-министр РФ Дмитрий Медведев и мэр столицы Сергей Собянин. """"Мы думаем здесь лестницу сделать, чтобы иногда можно было подниматься наверх"""", - сказал Собянин Медведеву. Градоначальник отметил, что лифт лучше в данном случае не делать, так как это очень сложное инженерное сооружение.""",Собянин и Медведев участвовали в церемонии.,церемония и Медведев участвовали в собянина .,failed
80,1,1.0,"Хозяин авто рассказал оперативникам, что приехал на машине в гости к знакомому.",Оперативники пообщались с хозяином машины.,хозяин пообщались с оперативниками машины .,succeeded
81,1,1.0,"""Коллектив вуза принял решение подать иски в суды о защите чести и достоинства института, подать заявление в прокуратуру с просьбой проверить процедуру мониторинга эффективности вузов и провести """"протестный митинг против политики министерства образования"""". Студенты РГТЭУ ранее бастовали две ночи подряд - с 18 по 20 декабря против того, что их институт попал в список вузов с признаками неэффективности. Забастовка была прекращена, поскольку у студентов появилась надежда, что с ситуацией разберутся в руководстве государства.""",Студенты РГТЭУ бастовали две ночи подряд.,ночь РГТЭУ бастовали две студентов подряд .,succeeded
82,1,1.0,"""Калужские оперативники вернули в четверг медынской районной больнице Калужской области похищенный автомобиль """"скорой помощи"""", сообщает пресс-служба регионального управления МВД. Машину угнали в городе Медынь ночью 30 октября. Вычислить преступников по спутниковой системе слежения не представлялось возможным, так как она находилась в нерабочем состоянии.""","""У медынской районной больницы украли автомобиль """"скорой помощи"""".""",""" У медынской районной автомобиля украли больница "" "" скорой помощи "" "" . """,succeeded
83,0,0.0,"Мужчина, который ранее не раз был судим, на улице напал на подростка.",Мужчина ненавидел подростков.,подростки ненавидел мужчины .,succeeded
84,0,,"Врачи пытались спасти потерпевшего, но он умер в больнице. Сейчас подозреваемый задержан. Ведутся следственные действия.","Потерпевший умер, подозреваемый тоже.","Потерпевший умер, подозреваемый тоже.",skipped
85,0,0.0,"В селе Доброе Липецкой области в огороде местной жительницы сотрудники полиции раскопали труп неизвестного человека, который уже превратился в скелет.",В огороде вырос труп.,В трупе вырос огород .,succeeded
86,0,0.0,"""""""Мы занимались школьным интернетом, теперь пришла пора позаниматься интернетом в общежитиях высших учебных заведений"""", - заявил Д.Медведев в четверг на совещании по вопросам социального положения студентов. Президент проводит совещание на базе Российского университета дружбы народов, где, по его словам, в учебных корпусах и общежитиях интернет есть, """"но так - далеко не везде"""".""",В вузах ограничат использование интернета.,В использовании ограничат вузы интернета .,succeeded
87,1,0.0,"""По словам россиянина, перед ним стояла задача - финишировать впереди """"Форс Индии"""". """"Мы начали гонку на покрышках средней жесткости. И я старался отстоять свою позицию на старте, так как все в основном были на мягких шинах"""".""",Соперники выступали преимущественно на мягких шинах.,шины выступали преимущественно на мягких соперниках .,failed
88,0,,"""""""Несмотря на активное противодействие норвежских властей, справедливость в отношении Ирины Бергсет и Саши восторжествовала"""", - сказал адвокат. Младший сын Бергсет, который не имеет российского гражданства, по-прежнему остается в Норвегии. Вернуть его матери вряд ли удастся, поскольку он не имеет российского гражданства.""",Младший сын Бергсет - гражданин Франции.,Младший сын Бергсет - гражданин Франции.,skipped
89,1,1.0,"Как утверждает сама Якуб, она познакомилась с бывшим главой МВФ летом 2012 г. — после окончания скандала вокруг ареста ДСК по обвинению в изнасиловании горничной нью-йоркского отеля Sofitel Нафиссату Диалло. Уголовное дело тогда развалилось, поскольку обвинение не смогло доказать достоверность показаний потерпевшей.",Потерпевшая дала показания.,показания дала потерпевшая .,succeeded
90,1,,"Похищенные деньги, как выяснилось, женщина успела потратить. Украшения вернули пенсионерке. По факту кражи в полиции завели уголовное дело, ведется расследование.",Женщина сумела обокрасть пенсионерку.,Женщина сумела обокрасть пенсионерку.,skipped
91,0,0.0,"Это предполагает законопроект о фонде субсидирования предприятий, которые создают новые рабочие места, рассмотренный комиссией по сельскому хозяйству и пищевой промышленности и предложенный парламенту.",Законопроект завернула комиссия по сельскому хозяйству.,комиссию завернула законопроект по сельскому хозяйству .,succeeded
92,0,0.0,"Но когда злоумышленник пришел к себе домой, то понял, что потерял свой телефон, вырывая сумку из рук пенсионерки.",Пенсионерка украла у злоумышленника телефон.,злоумышленник украла у телефона пенсионерка .,succeeded
93,1,1.0,"""""""Мы однозначно обжалуем это предостережение. Сейчас обсуждаем этот вопрос с юристами"""", - сказала глава Transparency International-R Елена Панфилова в пятницу """"Интерфаксу"""". """"Нас предупредили, что в случае получения какого-либо финансирования из-за рубежа мы должны будем зарегистрироваться в качестве иностранного агента, поскольку занимаемся политической деятельностью"""".""","""""""Мы занимаемся политической деятельностью"""".""",""" "" "" деятельность занимаемся политической нами "" "" . """,succeeded
94,1,,"В городе Ветлуга Нижегородской области на пожаре погибла пенсионерка. По данным регионального ГУ МЧС, частный дом на улице Урицкого загорелся во втором часу ночи. Поскольку все спали, пожар заметили поздно, драгоценное время было упущено.",Все спали и не видели пожара.,Все спали и не видели пожара.,skipped
95,1,,"Как рассказали «Комсомольской правде» в пресс-службе администрации города, около медицинского учреждения началась установка автобусной остановки.",Новую автобусную остановку устанавливают.,Новую автобусную остановку устанавливают.,skipped
96,1,,"Ведь тут 50 на 50. Ты приехал перед олимпийскими играми покататься на местных трассах, а снега нет, и сидишь неделю в ожидании хорошей погоды, а твои конкуренты в это время спокойно готовятся в другом месте и приезжают на саму Олимпиаду в тонусе и с боевым азартом. А ты кислый, потому что уже не первую неделю в гостинице сидишь.",Отсутствие снега может заставить спортсмена киснуть в гостинице.,Отсутствие снега может заставить спортсмена киснуть в гостинице.,skipped
97,0,0.0,"Новогодние герои приветствовали прохожих, поднимали настроение песнями и репликами, которые раздавались из динамика.",Новогодние герои портили настроение прохожим.,Новогодние настроение портили прохожего героями .,succeeded
98,0,0.0,"Подробности преступления рассказали в Следственном комитете по Кировской области. Известно, что пенсионерка работала на местного предпринимателя - принимала ягоды и грибы, которые собирали местные жители, а потом отправляла их на продажу. Ее односельчанин знал, что у женщины с собой крупная сумма денег, а поскольку сам он нигде не работал, решил ее ограбить.",Пенсионерка сушила грибы.,грибы сушила пенсионерка .,succeeded
99,1,1.0,"""""""Потому что вокруг этой фигуры в Интернете полемика действительно шла. Ну, и как обычно, она на то и полемика, чтобы взгляды были абсолютно полярные: начиная от того, что он был святой, и заканчивая тем, что он преступник и должен получить по полной программе"""", - отметил Медведев, отвечая на один из вопросов. Он предложил эту ситуацию меньше обсуждать, """"потому что это вопрос судебный, очень тонкий и требующий, действительно, правовых средств реагирования"""".""",Медведев отметил полемику в Интернете вокруг этой фигуры.,полемика отметил медведева в Интернете вокруг этой фигуры .,succeeded
100,1,,"В роли сказочного персонажа также был полицейский, облаченный в красную шубу Деда Мороза. Всем, кто не согласился заключить преступную сделку, Дед Мороз вручал подарок. Стоит отметить, что за время проведения эксперимента к сотрудникам полиции не обратился ни один гражданин.",Полицейский нарядился Дедом Морозом.,Полицейский нарядился Дедом Морозом.,skipped
101,1,0.0,"Хозяин дома схватил топор и начал бить им по голове незваного гостя. После ударов потерпевший был еще жив, однако к 2 часам дня подозреваемый узнал, что односельчанин скончался. После случившегося мужчина поставил в прихожую пару сумок с едой и одеждой, ожидая прихода проверяющей его полиции, так как он в июле прошлого года освободился из тюрьмы.",Хозяин дома встретил гостя топором.,топор дома встретил гостя хозяином .,failed
102,1,,"Как сообщили в правительстве области, на ней можно будет купить товары местных производителей.","В правительстве области сообщили, где можно будет приобрести товары местных производителей.","В правительстве области сообщили, где можно будет приобрести товары местных производителей.",skipped
103,0,,"Однажды вечером, употребив алкоголь, товарищи решили отправиться в Нижний Новгород и вызвали такси, заранее решив не платить за услугу. С собой они взяли свою подругу. Но просто доехать бесплатно мужчинам показалось мало – они стали угрожать таксисту ножом, чтобы заставить его отдать им всю выручку. Водитель получил несколько царапин на лице, шее и руке и, опасаясь за свою жизнь и здоровье, предпочел покинуть автомобиль.",У пьяных мужчин было огнестрельное оружие.,У пьяных мужчин было огнестрельное оружие.,skipped
104,0,,"""В доме никого кроме подсудимого - сожителя матери приятеля - не оказалось. Мужчина предложил выпить, а мальчик не отказался. Попойка продолжалась, пока подросток не """"вырубился"""" прямо в доме друга.""",Приятель матери не смог напоить подростка.,Приятель матери не смог напоить подростка.,skipped
105,1,1.0,"Провайдер, с которым сотрудничаем мы, предоставляет своим клиентам программу абсолютно бесплатно. Всё предельно прозрачно и не требует на первоначальном этапе никаких затрат. Также обращайте внимание на то, как давно работает компания и узнаваема ли в отрасли.",Наш провайдер предоставляет клиентам программу бесплатно.,Наш клиенты предоставляет программе провайдера бесплатно .,succeeded
106,1,,"Четыре года назад он вышел на пенсию. Устроился на место поспокойнее - дворником в ижевскую школу. Тогда и не думал, что именно здесь он, декоратор по образованию, найдет свое призвание.",Пенсионер работал дворником.,Пенсионер работал дворником.,skipped
107,0,,"Иногда тлеющая сигарета приводит к фатальным последствиям. Человек роняет ее на диван, чья обшивка молниеносно вспыхивает. Синтетическая ткань выделяет едкий дым, который оставляет хозяевам квартиры мало шансов на спасение.","Уронив сигарету на диван, человек непременно погибнет.","Уронив сигарету на диван, человек непременно погибнет.",skipped
108,0,0.0,"Поначалу он надеялся, что с мальчиком ничего страшного не произошло. Но малышу было все хуже. «Скорую» вызвали только около двух часов ночи, спустя несколько часов после того, как мальчик упал и получил травмы.",С мальчиком ничего страшного не произошло.,С ничего мальчиком страшного не произошло .,succeeded
109,1,1.0,"""Однако она подчеркнула, что композиция нужна действительно хорошая. """"Все будет зависеть от песни. В том, что он споет ее гениально, я не сомневаюсь"""".""",Певцу нужна хорошая песня.,песне нужна хорошая певец .,succeeded
110,1,1.0,"""Он добавил, что машины, стоящие в заторах с включенными двигателями, наносят колоссальный ущерб экологии. В результате, по его словам, многие инвесторы начинают обходить стороной город, где невозможно в разумное время проехать из одного конца в другой. Таким образом, по его словам, складывается """"тревожная тенденция"""", так как через несколько лет могут произойти неприятные последствия инвестиционного спада, которые могут повлечь снижение личных доходов жителей города и сокращение доходов бюджета.""","Экология страдает от машин, стоящих в пробках с включенными двигателями.","машины страдает от экологии , стоящих в пробках с включенными двигателями .",succeeded
111,0,0.0,"При этом во второй половине дня в столице начнется снег, который время от времени будет переходить в мокрый, а в некоторых районах не исключена и метель.",В ряде районов Москвы возможен ливень.,В ливне районов Москвы возможен ряд .,succeeded
112,0,1.0,"Случилось ЧП в ночь на 19 января. По непонятным причинам в одном из пустующих цехов предприятия рухнули несколько пролетов потолка и стен. Никто не пострадал, поскольку эта часть территории не эксплуатируется, поэтому заперта.",В людном цеху упал потолок.,В людном потолку упал цех .,failed
113,1,,"Косвенная связь есть. Она человек публичный, таскала меня с собой на все светские мероприятия. Когда все это закончилось, остался один футбол, и все стало лучше.","Все стало лучше, когда она перестала таскать меня на все светские мероприятия.","Все стало лучше, когда она перестала таскать меня на все светские мероприятия.",skipped
114,0,,"В ходе проверки нашли дома с наледью и сосульками на крышах. Информацию о них передали коммунальщикам. Во избежание несчастных случаев спасатели рекомендуют гражданам быть осторожней, а коммунальщикам – оперативней, при выходе из зданий советуют смотреть на крыши и, по возможности, обходить края зданий.",Сосульки больше не станут причиной несчастных случаев.,Сосульки больше не станут причиной несчастных случаев.,skipped
115,1,,"По его словам, после ухода с поста президента он пока не собирается занимать какие-нибудь государственные должности, будет проводить больше времени с семьёй, но и насовсем уходить из политики тоже не намерен.","Бывший президент надеется, что будет проводить больше времени с семьёй.","Бывший президент надеется, что будет проводить больше времени с семьёй.",skipped
116,0,,"Художники очень много путешествуют в поисках красивых, живописных мест, часто выезжают на природу. Пейзажи Дальнего Востока, Хабаровского края по-своему прекрасны – они всегда отличаются особыми красками и светом, подчеркивает заместитель председателя.",Художники всегда много путешествуют.,Художники всегда много путешествуют.,skipped
117,1,,"Иностранному бизнесу было бы выгодно активно инвестировать в экономику России. Об этом заявил министр экономического развития страны Максим Орешкин. Он отметил, что сейчас самое подходящее время вложений, поскольку экономика вновь поднимается.",Экономика вновь поднимается.,Экономика вновь поднимается.,skipped
118,0,,"Это будет первый опыт. И, думаю, он будет успешным. Впоследствии постараемся, чтобы этот объект был передан собственнику, который сможет его отреставрировать и использовать по назначению.",Объект был передан собственнику.,Объект был передан собственнику.,skipped
119,1,0.0,"""Думаю, что большинство желающих стать депутатами от нашей партии уже выразили это желание на этапе праймериз. Предварительные выборы, кстати, оказались очень эффективной процедурой. Потому что у человека появляется возможность не только выразить свое желание стать депутатом, но и проверить себя, что называется, """"в поле"""".""","""Предварительные выборы позволяют кандидату проверить себя """"в поле"""".""",""" Предварительные кандидат позволяют выборам проверить себя "" "" в поле "" "" . """,failed
120,0,,"Вдруг раздался выстрел: водитель рухнул на снег, пролилась кровь. Раненный скончался на месте. Неизвестный, а может их было несколько, застрелил мужчину.",Водитель выжил.,Водитель выжил.,skipped
121,0,,"Женщина настаивала на том, чтобы мужчину лишили родительских прав.",Женщина хотела лишить мужчину водительских прав.,Женщина хотела лишить мужчину водительских прав.,skipped
122,0,0.0,"Девушка работала в павильоне торгового центра, где продавала косметику и парфюмерию.",Девушка продавала ткани в торговом центре.,ткань продавала центра в торговом девушке .,succeeded
123,1,,"Полицейским показалось, что парни похожи на тех, кого описывали в ориентировке, и они попытались задержать парней. Те, однако, вырвались, водитель ударил по газам. Машина рванула с места, и полицейские устроили за ней настоящую погоню.",Парни вырвались.,Парни вырвались.,skipped
124,0,0.0,"В Кремле эти заявления не комментировали. Что касается сегодняшних высказываний Ноды о том, что ему придется приехать в Россию в январе, а то и позже, то Дмитрий Песков уже успел на них отреагировать. По его словам, визит японского премьера никто не переносил, поскольку о фиксированных датах речи не было.",Нода не приедет в Россию.,россия не приедет в ноду .,succeeded
125,0,0.0,"Огонь оказался настолько сильным, что бушующие языки пламени вырывались прямо с балкона. Заметившие происходящее очевидцы вызвали пожарных. По словам свидетелей, жилец полыхающей квартиры укрылся от огня на соседнем балконе – по всей видимости, пламя отрезало ему путь к входной двери.",В горящей квартире не было балкона.,В горящей балконе не было квартиры .,succeeded
126,0,1.0,"""Береговой в суде пожаловался на противоправные действия и угрозы со стороны друзей Агафонова. """"После инцидента 15 августа 2011 г. ко мне приезжал молодой человек со стороны Агафонова, он требовал видеозапись с камер наблюдения, - рассказал он. По его словам, угрожавший обещал """"всем устроить, так как побили хорошего человека"""".""",Береговой жаловался на качество видеозаписи.,качества жаловался на береговую видеозаписи .,failed
127,0,0.0,"Девушка рассказала, что неизвестный мужчина на виду у продавцов украл прямо с прилавка дорогой мобильный телефон и убежал.",Мобильник украли прямо из кармана.,карман украли прямо из мобильника .,succeeded
128,0,0.0,"Потерпевший рассказал, что в результате бытовой ссоры его грозил убить кухонным ножом собственный сын.",Потерпевший никогда не ругался с собственным сыном.,сын никогда не ругался с собственным потерпевшим .,succeeded
129,1,0.0,"""Трудовые мигранты - и проблема, и надежда России, заявил президент России Дмитрий Медведев в субботу в ходе общения с региональными журналистами. По его словам, для некоторых городов мигранты """"это действительно большая проблема, особенно для относительно небольших городов, где поток мигрантов может просто разрушить трудовой баланс, и за этим нужно следить"""". ""","Медведев назвал мигрантов надеждой РФ, но и ее проблемой.","мигранты назвал медведева надеждой РФ , но и ее проблемой .",failed
130,0,0.0,"Циклон уходит в океан, там растворяется.",Циклоны всегда уходят в океан растворяться.,растворяющиеся всегда уходят в океан циклоны .,succeeded
131,1,0.0,"Областной главк полиции сообщает об очередной самарской торговой точке, в которой нарушали законодательство о розничной продаже алкоголя.",В Самаре нарушали законодательство о розничной продаже алкоголя.,В законодательстве нарушали самара о розничной продаже алкоголя .,failed
132,1,,"Как сообщили в правительстве области, на ней можно будет купить товары местных производителей.",Товары местных производителей можно будет приобрести.,Товары местных производителей можно будет приобрести.,skipped
133,0,,"""Около 200 человек эвакуированы из корпуса факультета биологии МГУ в связи с пожаром в подвальном помещении, сообщили """"Интерфаксу"""" в ГУ МЧС России по Москве. """"Пожарные прибыли по адресу: Воробьевы горы, 1 строение 12, где горит трансформаторная подстанция в подвале биологического факультета МГУ"""", - сказал представитель управления. По его словам, тушение осложнено, так как напряжение пока не отключено.""",Полностью сгорел подвал биофака МГУ.,Полностью сгорел подвал биофака МГУ.,skipped
134,0,0.0,"""""""Защита возражала против ее назначения. Перед экспертами были поставлены исключительно правовые вопросы, что не допускается"""", - сказал """"Интерфаксу"""" адвокат Гаева Александр Аснис.""",У Гаева нет адвоката.,У адвоката нет гаева .,succeeded
135,1,0.0,"Однако влюбленные поругались. Парень избил подругу. Девушка почувствовала себя плохо, и подозреваемый на санках повез ее в больницу.",Подозреваемый вез побитую подругу в больницу на санях.,подруга вез побитую подозреваемого в сани на больнице .,failed
136,1,0.0,"«Девятка» получила значительные повреждения. С места происшествия «скорая» увезла в больницу четырех человек. В настоящее время устанавливается, пассажиры и водители каких машин конкретно пострадали.",После происшествия четверо попали в больницу.,После четверых больница попали в происшествие .,failed
137,1,1.0,"В правительстве Кировской области рассказали, что в некоторых школах региона решили продлить каникулы из-за холодов.",У учеников ряда школ в Кировской области каникулы продлятся дольше.,У каникул ряда школ в Кировской области ученики продлятся дольше .,succeeded
138,0,,"Ноябрь и часть декабря удивили сильными морозами, но сейчас погода стабилизировалась и будет тепло.",Сейчас погода начнет удивлять еще больше.,Сейчас погода начнет удивлять еще больше.,skipped
139,1,,"""Следствие рассматривает несколько версий преступления, в том числе и связанное с ее профессиональной деятельностью. """"В числе основных версий следователи рассматривают убийство на бытовой почве, а также в связи с профессиональной деятельностью одной из погибших"""", - сообщила руководитель СУ СКР по Тульской области Татьяна Сергеева журналистам во вторник. Предполагается, что убитая семья могла знать убийцу, так как дверь квартиры была закрыта с внешней стороны.""",Убита целая семья.,Убита целая семья.,skipped
140,1,,"""""""Не вижу смысла увеличивать число статей Уголовного кодекса, так как там уже есть меры уголовной ответственности в отношении лиц, которые пропагандируют сепаратизм"""".""","Есть меры уголовной ответственности в отношении тех, кто пропагандирует сепаратизм.","Есть меры уголовной ответственности в отношении тех, кто пропагандирует сепаратизм.",skipped
141,1,1.0,"Как сообщает УМВД ХМАО, в посёлке Белый Яр Сургутского района сотрудники ДПС остановили «Форд Фокус», которым управлял шестнадцатилетний пьяный подросток. Начали разбираться, как он сел за руль. Выяснили, что мальчишка угнал машину у знакомого, потому что уж очень хотелось покататься.","""Пьяный подросток угнал """"Форд Фокус"""".""",""" Пьяный форд угнал "" "" подросток Фокус "" "" . """,succeeded
142,1,,"""Сделка по продаже 80% ОАО """"Распадская"""" может не состояться в этом году, сообщил журналистам источник, знакомый с ходом переговоров. """"Есть вероятность, что сделка не состоится. Есть вопрос с ценой, поскольку здесь существует сильное расхождение"""", - сказал он.""","""Ведутся переговоры по продаже 80% ОАО """"Распадская"""".""","""Ведутся переговоры по продаже 80% ОАО """"Распадская"""".""",skipped
143,0,0.0,"Организацией данной акции для малышей, которые остались без родительской заботы, занимается профсоюзный комитет студентов ТОГУ, - рассказали в пресс-центре ТОГУ.",Профком студентов ТОГУ не организует акции для взрослых.,акции студентов ТОГУ не организует профком для взрослых .,succeeded
144,0,,"Рождество Христово - время радости, и этой радостью хочется делиться со всеми, а особенно с теми, кто в ней нуждается: одинокими стариками, мамами, попавшими в трудную ситуацию, - рассказали в хабаровской епархии.",Рождество - время проблем.,Рождество - время проблем.,skipped
145,1,,"""""""Я тоже хотел продолжения. Но правила есть правила"""", - заявил Кличко-старший на пресс-конференции после боя, состоявшегося ночью в воскресенье в Москве. """"Рад, что отстоял титул, но, к сожалению, не так, как хотелось бы"""".""","Кличко сказал, что хотел продолжения.","Кличко сказал, что хотел продолжения.",skipped
146,0,0.0,"""Позже, в начале октября президент Владимир Путин назвал приговор Pussy Riot - по два года колонии общего режима каждой - правильным. """"На самом деле правильно, что их арестовали, и правильно сделали, что суд у нас такое решение принял. Потому что нельзя подрывать основы морали, нравственности, разрушать страну"""".""","В начале октября Путин осудил приговор, вынесенный участницам группы Pussy Riot.","В путине октября приговор осудил начало , вынесенный участницам группы Pussy Riot .",succeeded
147,1,,"Полицейские обнаружили точку, где торговали контрафактным алкоголем.","Полицейские нашли, где преступники торговали контрафактным алкоголем.","Полицейские нашли, где преступники торговали контрафактным алкоголем.",skipped
148,1,,"""Думаю, что большинство желающих стать депутатами от нашей партии уже выразили это желание на этапе праймериз. Предварительные выборы, кстати, оказались очень эффективной процедурой. Потому что у человека появляется возможность не только выразить свое желание стать депутатом, но и проверить себя, что называется, """"в поле"""".""",Предварительные выборы оказались эффективной процедурой.,Предварительные выборы оказались эффективной процедурой.,skipped
149,1,,"""""""Мы, я так понимаю, завтра, прямо на заседании правительства вытолкнем этот документ многострадальный в наш парламент. Если, конечно, сегодня вы мне не скажете, что его категорически нельзя принимать, потому что его нельзя принимать никогда"""", - заявил Медведев на заседании """"Открытого правительства"""". По его мнению, это неплохо, так как речь идет об образовании.""",Этот документ можно направить в парламент.,Этот документ можно направить в парламент.,skipped
150,1,,"Все это может привести к осложнению оперативной обстановки на автомагистралях, которые проходят через Смоленскую область.",Есть риск усложнения оперативной обстановки на автомагистралях.,Есть риск усложнения оперативной обстановки на автомагистралях.,skipped
151,0,0.0,"Стало известно, где собираются отмечать праздник Крещения Господня первые лица региона.",Первые лица региона не отмечают Крещение.,Первые крещения региона не отмечают лицо .,succeeded
152,0,,"Однако жилеты были надеты не на всех людей, чьи тела на данный момент удалось обнаружить.",Все трупы были в жилетах.,Все трупы были в жилетах.,skipped
153,1,1.0,"В одном из СМИ появилась история о восьмилетней школьнице, корторую в мороз 30 января выставил из салона маршрутного автобуса водитель. Причина в том, что у девочки в качестве оплаты был электронный проездной, вот только у водителя не оказалось с собой валидатора. Поскольку наличных денег у малышки не было, ее и попросили покинуть салон.","В СМИ появилась история о школьнице, у которой не было налички, и ее выставили из автобуса на мороз.","В история появилась сми о школьнице , у которой не было налички , и ее выставили из автобуса на мороз .",succeeded
154,1,0.0,"В ведомстве отметили, что подозрительную машину вечером 23 января заметили на улице 23 июля. Стражи порядка на дорогах решили остановить иномарку, чтобы проверить документы водителя. Так как вёл себя он не как самый трезвый участник дорожного движения, то полицейские провели медицинское освидетельствование.",Полицейские остановили иномарку.,иномарка остановили полицейских .,failed
155,1,1.0,"После того, как компания «прикончила» очередную бутылку, между подвыпившими разгорелся спор. Закончился он тем, что одна из женщин нанесла мужчине 15 ножевых ранений. - Ссора прекратилась, так как потерпевший самостоятельно покинул дом.",Потерпевший с 15 ножевыми ранениями сам покинул дом.,дом с 15 ножевыми ранениями сам покинул потерпевший .,succeeded
156,1,1.0,"Им оказался шестилетний мальчик. - Очевидец сообщил, что мальчик выскочил на красный свет из-за сугроба, который закрывает обзор водителям, - говорится на странице Новосибирской службы эвакуации «АСТ-54». - Из-за снежных завалов в этом месте очень сложно переходить дорогу, потому что они также закрывают пешеходный переход.",Снежные завалы в этом месте закрывают обзор водителям.,Снежные место в этом завалах закрывают водители обзору .,succeeded
157,0,0.0,"Его обвиняют в получении взятки и служебном подлоге. По версии следствия, налоговик вносил заведомо ложные сведения в протоколы против индивидуальных предпринимателей. По четырем фактам, когда составлялись фиктивные протоколы, уже расследует уголовное дело.",Налоговик обнаружил фиктивные протоколы.,протоколы обнаружил фиктивные налоговик .,succeeded
158,1,,"В тетрадке, где он вел записи, парень делал и зарисовки, в частности изображал орудия охоты.",Парень писал и рисовал.,Парень писал и рисовал.,skipped
159,1,0.0,"Местные власти заявляют, что количество погибших может возрасти. Землетрясения магнитудой 6,4 и 6,3 произошли в районе города Тебриз. Сообщение с пострадавшими районами прервано, поскольку в результате землетрясения, как сообщается, были повреждены коммуникационные линии.",Тебриз пострадал от землетрясения.,землетрясение пострадал от тебриза .,failed
160,1,1.0,"""Верзилов отметил, что его жена в целом удовлетворительно оценивает условия, в которых сейчас находится. """"Она говорит, что достаточно мало видела, поскольку больница большая, но в целом она удовлетворена отношением сотрудников, наличием нормального оборудования"""".""",Верзилов рассказал о впечатлениях жены от больницы.,впечатления рассказал о верзилове жены от больницы .,succeeded
161,0,,"Эвакуировать никого не пришлось, в заведении был выходной.","Был выходной, эвакуировали только сотрудников.","Был выходной, эвакуировали только сотрудников.",skipped
162,0,0.0,"Судебные приставы применили к нерадивому папаше весь комплекс мер, в том числе и вынесли постановление об ограничении выезда за границу.",Судебные приставы наградили папашу.,Судебные папаша наградили приставов .,succeeded
163,0,0.0,"""Среди счастливчиков оказалась и сборная Калининградской области. """"Мы очень рады. Была проделана колоссальная работа, это не было """"случайное"""" решение"""".""",Сборная Калининградской области поедет в Кремль.,кремль Калининградской области поедет в сборная .,succeeded
164,1,,"Количество прихожан в той небольшой часовне, которая находится сейчас на Сенной площади, неуклонно растёт. В любую погоду, в снег и дождь, они вынуждены молиться зачастую на улице, потому что часовня не вмещает всех желающих.",Прихожан в часовне на Сенной все больше.,Прихожан в часовне на Сенной все больше.,skipped
165,1,,"Избыточными профессиями остаются почтальоны, социальные работники, бухгалтера. - Интересно, что из числа избыточных профессий ушли юристы, - отметил начальник управления государственной службы занятости населения по Кировской области Андрей Нечаев. - Поскольку сейчас для них много новых рабочих мест, например в сфере малого бизнеса.","Почтальонов больше, чем нужно.","Почтальонов больше, чем нужно.",skipped
166,1,1.0,"Игроки хорошие, индивидуумы хорошие, а не сложилось. Президент предпринимала максимальные усилия, направленные на то, чтобы, найти лучшее, что есть на рынке. Мы не все могли купить, потому что бюджет клуба не всех позволял приобрести.","Президень искала лучшее, что есть на рынке.","лучшее искала президевший , что есть на рынке .",succeeded
167,1,,"Сначала необходимо законсервировать здание, просушить - здесь полно воды, провести экспертизу и понять, сколько это будет стоить, и начинать ремонт.",В здании полно воды.,В здании полно воды.,skipped
168,0,0.0,"""""""В отношении нас не стали составлять протоколы, а лишь взяли объяснения. С минуты на минуту нас освободят из ОМВД """"Текстильщики"""", - сказал С.Удальцов в субботу """"Интерфаксу"""" по телефону. По его словам, он указал в объяснении, что считает свое задержание незаконным, """"поскольку не совершал противоправных действий, а всего лишь общался с людьми"""".""",На Удальцова составили протокол.,На протокола составили удальцова .,succeeded
169,1,,"""Представители правоохранительных органов и частных агенств посоветовали саратовцам в пресс-центре """"Комсомольская правда""""-Саратов соблюдать информационную осторожность - не болтать о своих новогодних планах со знакомыми, поскольку в их круг общения могут входить и воры. И не распространяться о праздничных настроениях на отдых в социальной сети. Поскольку этой информацией активно пользуются злоумышленники.""","Саратовцев попросили не рассказывать ворам, где будут в новогоднюю ночь.","Саратовцев попросили не рассказывать ворам, где будут в новогоднюю ночь.",skipped
170,1,0.0,"Мужчина опубликовал в Интернете музыкальные записи, которые имели экстремистский подтекст.",Музыкальные записи имели экстремистский подтекст.,Музыкальные подтекста имели экстремистский запись .,failed
171,0,,"Сейчас проект проходит рассмотрение, и, если все сложится удачно, специалистов начнут готовить уже в следующем учебном году.",Специалистов непременно начнут готовить в следующем учебном году.,Специалистов непременно начнут готовить в следующем учебном году.,skipped
172,1,0.0,"""Также ребята, в рамках акции """"Студенческий десант"""", узнали о комплексе """"Безопасный город"""", и задали стражам порядка вопросы.""",Ребята задали стражам порядка вопросы.,стражи задали вопросам порядка ребят .,failed
173,0,0.0,"Злоумышленники начали работать распространителями, после размещения в соцсети объявления о поиске работы. Им было предложено распространять наркотики. Они согласились, так как платили за это хорошие деньги.",Злоумышленники распространяли наркотики бесплатно.,наркотики распространяли злоумышленников бесплатно .,succeeded
174,0,,"Я здесь все взорву! – такую фразу часто можно услышать в захватывающих боевиках. Но вряд ли кто-то обрадуется, когда такое прозвучит от неизвестного человека в обычной жизни.","""Кто-то обрадуется, услышав фразу """"Я здесь все взорву!"""" от неизвестного человека в обычной жизни.""","""Кто-то обрадуется, услышав фразу """"Я здесь все взорву!"""" от неизвестного человека в обычной жизни.""",skipped
175,0,0.0,"""В интервью """"Коммерсанту"""" Песков уточнил, что предварительная договоренность о визите была достигнута на саммите АТЭС во Владивостоке (к слову, именно после него в СМИ впервые появилась информация о проблемах со здоровьем российского лидера). Тогда рассматривались самые разные варианты - ноябрь, декабрь и январь, и ни один из них не был утвержден в качестве окончательного. """"Поэтому, чтобы резюмировать, могу сказать, что переносить было нечего, потому что не было согласованных или, тем более объявленных дат визита.""",В СМИ появилась информация о крепком здоровье российского лидера.,В информация появилась сми о крепком здоровье российского лидера .,succeeded
176,0,,"""По его словам, три вагона сошли с колеи по одной оси на грузовой ветке в районе Белоострова. """"Пострадавших и технологических разрушений нет. Задержек в следовании поездов тоже, поскольку по этой линии пассажирские составы не ходят"""", - сказал собеседник.""",Железнодорожной катастрофы удалось избежать.,Железнодорожной катастрофы удалось избежать.,skipped
177,1,0.0,"Сотрудница поезда забыла предупредить людей, что поезд прибывает на станцию Алтайская. В итоге, когда поезд уже тронулся от перрона, проводник скомандовала пассажирам: прыгайте из вагона. - Она настояла на высадке людей из вагона после начала движения поезда, - сообщает Западно-Сибирское следственное управление на транспорте.",Проводница заставила пассажиров прыгать из вагона на ходу.,пассажиры заставила проводницы прыгать из вагона на ходу .,failed
178,0,,"По словам задержанного, никого заранее он грабить не собирался, а общежитие зашел, чтобы согреться. Увидев золото, решил забрать украшения себе. После нападения вернулся домой, спрятал добычу, переоделся и отправился гулять.",Украденное золото согрело задержанного.,Украденное золото согрело задержанного.,skipped
179,0,,"Постепенно будет теплеть, но ветер усилится.",Погода будет теплее и морознее.,Погода будет теплее и морознее.,skipped
180,1,0.0,"По предварительным данным, водитель иномарки не справился с управлением и вылетел на встречную полосу.",Иномарка вылетела на встречную полосу.,полоса вылетела на встречную иномарку .,failed
181,0,0.0,"""Ей позвонил человек, представился сотрудником Пенсионного фонда и предложил подключить ей услугу """"Мобильный банк"""".""","""Сотрудник Пенсионного фонда подключил ей услугу """"Мобильный банк"""".""",""" она Пенсионного фонда подключил сотруднику банк "" "" Мобильный услуга "" "" . """,succeeded
182,0,,"""Совет директоров состоялся, он прошел в заочной форме, но протокол пока не подписан, заявил """"Интерфаксу"""" в пятницу вечером президент ОСК Роман Троценко. В акционерных обществах с госучастием остались еще два высокопоставленных чиновника. Правда, их позицию легко объяснить, поскольку независимых председателей в этих компаниях представить сложно.""",Совет директоров провели очно.,Совет директоров провели очно.,skipped
183,1,1.0,"А сама машина оказалась в розыске. Злоумышленник угнал ее из гаражного массива. Вдобавок выяснилось, что он уже был неоднократно судим за аналогичные преступления.",Злоумышленник украл автомобиль.,автомобиль украл злоумышленник .,succeeded
184,0,0.0,"""Как сообщили """"Комсомольской правде на Северном Кавказе"""" в краевом управлении ГИБДД, около полудня на улице Трудовая беременная женщина за рулем """"Додж Караван"""" выбрала небезопасную скорость, не справилась с управлением, столкнулась с """"Киа Спектра"""", которая ехала по встречке, а потом врезалась в бетонный забор. В результате аварии 38-летняя местная жительница погибла на месте от полученных травм. Вполне вероятно, что сопутствующей причиной аварии стала неопытность, так как права она получила всего полгода назад.""",Беременная женщина снесла бетонный забор.,Беременная забор снесла бетонный женщину .,succeeded
185,0,0.0,"""В момент совершения преступления был одет во все черное. """"Его приметы: был одет в синюю куртку фирмы """"Найк"""", серые спортивные штаны, черную вязаную шапку, волосы до плеч"""", - отмечает пресс-служба ведомства. Сотрудники полиции просят горожан не выходить на улицу, так как в городе проходит спецоперация.""",В городе действуют врачи.,В врачах действуют город .,succeeded
186,0,,"По данным источника агентства, именно в одной из последних двух машин находился освобожденный во вторник спортсмен. Он находится под усиленной охраной и будет вывезен в безопасное место. Это сделано во избежание каких-либо инцидентов, так как у здания суда скопилось несколько десятков человек, в основном - противников такого приговора.",Спортсмена плохо охраняют.,Спортсмена плохо охраняют.,skipped
187,0,0.0,"Как заявил журналистам депутат Верховной рады, присутствовавший на мероприятии, за час там произошли две «шикарные» драки.",Депутат Верховной рады пришел на мероприятие считать драки.,мероприятие Верховной рады пришел на депутат считать драки .,succeeded
188,0,,"На него завели уголовное дело, - рассказали «Комсомольской правде»-Саратов в областной прокуратуре.",Уголовное дело закрыто.,Уголовное дело закрыто.,skipped
189,0,0.0,"""Три участницы панк-группы Pussy Riot, приговоренные судом к двум годам лишения свободы за акцию в храме Христа спасителя, получили то, что хотели, заявил президент РФ Владимир Путин в специальном фильме программы """"Центральное телевидение"""" на НТВ в воскресенье. """"На самом деле правильно, что их арестовали, и правильно сделали, что суд у нас такое решение принял. Потому что нельзя подрывать основы морали, нравственности, разрушать страну"""".""",Суд принял решение отпустить на 2 года участниц группы Pussy Riot.,решение принял суд отпустить на 2 года участниц группы Pussy Riot .,succeeded
190,1,,"И тогда водитель заехал в лес, где изнасиловал женщину и убил ее с целью скрыть насилие. После убийства мужчина забрал ювелирные украшения, сотовый телефон и деньги потерпевшей. Мужчина был задержан сразу после совершения преступления, свою вину признал.","Водитель изнасиловал, убил и ограбил женщину.","Водитель изнасиловал, убил и ограбил женщину.",skipped
191,0,0.0,"Поскольку ветеринарное свидетельство признано не действительным, такую продукцию допускать на прилавки или в переработку нельзя.",Продукцию допустили на прилавки.,прилавки допустили на продукцию .,succeeded
192,0,,"Но из-за сложного материального положения он не смог вернуть деньги. Вскоре, ему стали звонить коллекторы, они требовали вернуть долг. Звонки не прекращались долгое время, а потом звонить стали на телефон его мамы.",Коллекторы требовали вернуть долг его мамы.,Коллекторы требовали вернуть долг его мамы.,skipped
193,1,,"В документах было указанно, что в контейнере находится пряжа.","По документам, в контейнере должна была быть пряжа.","По документам, в контейнере должна была быть пряжа.",skipped
194,0,0.0,"Затем они вышли в подъезд. Во время разговора по душам между пьяными мужчинами возник конфликт. В результате один из них бросился на товарища с ножом и ударил его в грудь, затем избил пострадавшего и сбежал.",В подъезде пьяные помирились.,В пьяных подъезд помирились .,succeeded
195,1,,"Эвакуировать никого не пришлось, в заведении был выходной.","Был выходной, эвакуировать было некого.","Был выходной, эвакуировать было некого.",skipped
196,0,0.0,"Появились свидетели, которые рассказывают, будто они не раз видели, как мальчик гулял без присмотра.",Мальчик не гулял без присмотра.,присмотр не гулял без мальчика .,succeeded
197,0,0.0,"Из палатки пропали около 3 тысяч рублей разменных денег, которые продавцы оставляли на утро для сдачи покупателям, а также исчезли сладкие булочки. Подозреваемых задержали по горячим следам. По данном факту проводится проверка, а поскольку в деле замешаны несовершеннолетние, следствие не сообщает подробности.",Из палатки украли только булочки.,Из булочка украли только палаток .,succeeded
198,0,0.0,"От полученных повреждений он скончался на месте. Затем пенсионерка спрятала тело. Известно, что она сейчас нигде не работает и раньше уже имела проблемы с законом.",Пенсионерка устроилась на работу.,работа устроилась на пенсионерку .,succeeded
199,0,1.0,"В аналогичном опросе, проведенном в марте 2010 г., за новую дисциплину высказалось 63% респондентов. В ноябре правительство утвердило план эксперимента, предусматривавшего преподавание основ религий и светской этики в 19 субъектах федерации. Осенью прошлого года Московский патриархат высказался за преподавание религиозных дисциплин не только в четвертом и пятом классах, но и на всех этапах школьного обучения, поскольку двух полугодий для усвоения материала недостаточно.",В прошлом году Московский патриархат преподавал религиозные дисциплины на всех этапах школьного обучения.,В прошлом патриархате Московский дисциплина преподавал религиозные года на всех этапах школьного обучения .,failed
200,1,0.0,"Мужчины распивали алкоголь и вдруг поругались. Словами дело не ограничилось. Один из собутыльников схватил кухонный нож и ударил своего соперника. После этого, как ни в чем не бывало он просто ушел из помещения.",Мужчины поругались в процессе пьянки.,процесс поругались в мужчинах пьянки .,failed
201,1,,"Трижды он был привлечён судебным приставом к административной ответственности по ст. 17.15 КоАП РФ за неисполнение содержащихся в исполнительном документе требований неимущественного характера. Так как срок для добровольного исполнения истёк, пристрой снесли принудительно.",Пристроя больше нет.,Пристроя больше нет.,skipped
202,0,,"Оказалось, что пострадавшая была пьяна.",Пострадавшая не пьянела.,Пострадавшая не пьянела.,skipped
203,0,0.0,"""Военнослужащие ВМС Израиля в субботу высадились на судно """"Эстель"""", перевозившее активистов в сектор Газа, передает агентство АФП. Источник в израильском военном командовании сообщил агентству, что военные захватили контроль над судном. По его словам, в ходе этой операции силу применять не пришлось, так как никто из активистов не стал оказывать сопротивление.""",Активисты отчаянно сопротивлялись военным.,военные отчаянно сопротивлялись активистам .,succeeded
204,0,0.0,"В противном случае отец ставил провинившихся на колени и читал им молитвы, а за более серьезные проступки избивал. Дети боялись идти домой после школы и часто приходили к маме на работу. Жена боялась сообщить об издевательствах мужа в полицию, поскольку он грозился убить ее.",Отец наказывал провинившихся работой в саду.,провинившиеся наказывал работы отцом в саду .,succeeded
205,1,1.0,"""Главный тренер мужской сборной России по баскетболу Василий Карасев извинился перед болельщиками за неудачное выступление национальной команды на чемпионате Европы в Словении и выразил уверенность в том, что выбранный курс развития принесет результат в будущем. """"Хочется извиниться перед болельщиками. Потому что российская команда имеет такие традиции, такие победы, а выступление получилось, действительно, провальным.""",Василий Карасев принес болельщикам извинения.,болельщики Карасев принес извинениям василия .,succeeded
206,0,,"А когда накатывает волна экономии или нужен редкий медикамент, обзванивает окрестные аптеки, параллельно листая немногочисленные аптечные сайты.",Редкие и недорогие медикаменты всегда есть в окрестных аптеках и на сайтах в Сети.,Редкие и недорогие медикаменты всегда есть в окрестных аптеках и на сайтах в Сети.,skipped
207,1,,"Такие победы просто так не даются. У нас уже не было выбора, мы выходили с одной целью, с одной задачей – выиграть.",Мы выиграли.,Мы выиграли.,skipped
208,0,,"По итогам работы круглого стола, на котором сегодня был рассмотрен проект Стратегии социально-экономического развития Иркутской области, будут выработаны рекомендации для достижения целей, сформулированных в документе.",Будут отменены рекомендации к целям Стратегии социально-экономического развития Иркутской области.,Будут отменены рекомендации к целям Стратегии социально-экономического развития Иркутской области.,skipped
209,1,,"""""""Все три птицы чувствуют себя хорошо, ведут себя спокойно и уверенно, - сообщают в Ленинградском зоопарке. - Самки и самец расположились в соседних вольерах, но между ними проложили небольшой проход. Места там хватит, чтобы самки могли пройти, а вот самец уже не поместится"""".""",В Ленинградском зоопарке три птицы этого вида.,В Ленинградском зоопарке три птицы этого вида.,skipped
210,0,,"Он не смог предъявить документы, подтверждающие происхождение мяса. В результате машину с грузом задержали, а мужчину допросили. В ходе допроса выяснилось, что он является основателем предприятия, которое занимается продажей мясной продукции.",Мясо было несвежее.,Мясо было несвежее.,skipped
211,1,,"По данным внешнеполитического ведомства, гражданка нашей республики, получившая ранение, находится в больнице - ее жизни ничего не угрожает.",Гражданка ранена.,Гражданка ранена.,skipped
212,1,0.0,"Как сообщили «Комсомольской правде» в пресс-службе музея, выставка получила название «Добрые друзья детства».",Выставке придумали название.,названии придумали выставка .,failed
213,0,0.0,"Женщина периодически заходила в комнату хозяина квартиры, поскольку он иногда обращался к ней за помощью.",Хозяин квартиры ежедневно обращался к ней за помощью.,она квартиры ежедневно обращался к помощи за хозяином .,succeeded
214,0,,"В правительстве Кировской области рассказали, что в некоторых школах региона решили продлить каникулы из-за холодов.",В школах Кировской области холодно.,В школах Кировской области холодно.,skipped
215,1,,"""Однако отсутствие на форуме нового вице-премьера, который предпочел Рио-де-Жанейро Санкт-Петербургу, и бурная активность вице-премьера бывшего - нынешнего президента """"Роснефти"""" Игоря Сечина, центральной фигуры непрекращающихся встреч с иностранными инвесторами, прояснили, кто тут главный. """,Сечин был центральной фигурой встреч с иностранными инвесторами.,Сечин был центральной фигурой встреч с иностранными инвесторами.,skipped
216,1,,"Я давно хотела слепить снежный мотоцикл, но вот мы только собрались, примерились к этой куче, а я глянула и поняла, что вижу там только Будду. Доброго такого, пузатого, довольного и умиротворенного, - рассказывает Дарья. - Пока делали, несколько раз приходилось объяснять соседям, что это не развратная женщина, потому что начали с ног.","Дарья хотела слепить из снега мотоцикл, а слепила Будду.","Дарья хотела слепить из снега мотоцикл, а слепила Будду.",skipped
217,1,0.0,"Средства на пополнение парка малой авиации Приморского края обещали выделить из регионального бюджета. Машины будут приобретены в лизинг. Как сообщили в администрации края, сделка находится на завершающей стадии.",Машины приобретут в лизинг.,лизинга приобретут в машина .,failed
218,1,,"Подросток хорошо знал хозяина квартиры, поскольку тот жил недалеко от дома родителей и являлся приятелем отца.",Хозяин квартиры был знакомцем отца подростка.,Хозяин квартиры был знакомцем отца подростка.,skipped
219,1,1.0,"В канун Рождества кубанские полицейские встретились с малолетними правонарушителями, которые живут в Центре временного содержания для несовершеннолетних.",В канун Рождества полицейские приехали навестить правонарушителей.,В полицейских Рождества канун приехали навестить правонарушителей .,succeeded
220,1,,"""""""Мы уже часть документов собрали, через несколько дней подадим на регистрацию и будем собирать подписи"""", - заявил Троицкий """"Интерфаксу"""" в понедельник. По его словам, у него есть несколько идей для предвыборной кампании. """"Например, все посты в правительстве будут занимать немцы, потому что наши чиновники все воруют"""".""",Троицкий намерен пригласить немцев в правительство.,Троицкий намерен пригласить немцев в правительство.,skipped
221,1,1.0,"Двое мужчин и две женщины выпивали, когда одному из них, недавно освободившемуся из мест лишения свободы, захотелось любви и тепла. С недвусмысленным предложением он обратился к одной из участниц застолья, однако та отказала в близости. Обидевшись, мужчина схватил нож и решил всех «проучить».",Пьяный мужчина взялся за нож.,Пьяный нож взялся за мужчина .,succeeded
222,1,1.0,"На реке в Новосибирской области погиб мужчина, который упал со снегохода.",Мужчина упал со снегохода на реке.,снегоход упал со мужчины на реке .,succeeded
223,1,,"В обоих случаях злоумышленник под угрозой ножа похищал у потерпевших ценные вещи – сотовые телефоны, деньги и ювелирные изделия. Сравнив показания пострадавших жителей Тольятти, правоохранители пришли к выводу, что разбои – дело рук одного человека. Оперативники вскоре определили его личность, однако задержать мужчину не удалось, так как он ударился в бега, у родственников не появлялся, к знакомым не приходил – этот факт подтвердили выставленные засады.",Преступник был вооружен ножом.,Преступник был вооружен ножом.,skipped
224,0,0.0,"Как рассказали «Комсомольской правде» в пресс-службе администрации Псковской области, квартиры получили семьи, которые раньше жили в аварийных домах.",Все эти семьи прямо сейчас переезжают в новые квартиры из аварийных домов.,Все эти квартиры прямо сейчас переезжают в новые семьи из аварийных домов .,succeeded
225,0,,"Средства на пополнение парка малой авиации Приморского края обещали выделить из регионального бюджета. Машины будут приобретены в лизинг. Как сообщили в администрации края, сделка находится на завершающей стадии.",Машины приобретать не станут.,Машины приобретать не станут.,skipped
226,1,1.0,"Вообще-то, Владимир Владимирович, вот это слышать обидно и больно. Очень обидно и больно, действительно это так. Потому что именно вы стояли у истоков нашей партии, именно вы ее создавали.","Владимир Владимирович стоял у истоков нашей партии, создавал ее.","истоки Владимирович стоял у владимира нашей партии , создавал ее .",succeeded
227,1,1.0,"В пресс-службе ведомства сообщили, что в течение декады в муниципалитетах пройдут профилактические мероприятия.",Десять дней в муниципалитетах будут идти профилактические мероприятия.,Десять муниципалитетов в мероприятии будут идти профилактические дней .,succeeded
228,1,0.0,"В настоящий момент полицейские взяли в кольцо активистов оппозиции на углу Тверской и Садово-Триумфальной улицы и начали задерживать их. Полицейские затаскивают участников шествия в автозаки. Они призывают освободить проход, чтобы не мешать движению пешеходов, однако это сделать затруднительно, поскольку сотрудники полиции оцепили оппозиционеров и не дают выйти из этого оцепления, в том числе журналистов.",Полицейские затаскивают активистов в автозаки.,активисты затаскивают автозаков в полицейские .,failed
229,1,,"""""""У нас есть возможность направить надзорную жалобу на приговор в Верховный суд РФ или генпрокурору, поскольку из военной прокуратуры ответ мы получили"""", - сказал Аграновский. Он отметил, что пока защита не будет апеллировать к высшей судебной инстанции страны. """"Перспектива подачи надзорной жалобы зависит от многих факторов, в том числе от политической ситуации, поскольку решение было политическим"""", - сказал адвокат.""","Аграновский сказал, что пока защита не будет обращаться с жалобой в Верховный суд РФ.","Аграновский сказал, что пока защита не будет обращаться с жалобой в Верховный суд РФ.",skipped
230,0,0.0,"Полиция ведет расследование, в то время как отчаявшийся отец малышек угрожает врачам расправой.",Отчаявшийся отец малышек расправился с врачами.,Отчаявшийся врачи малышек расправился с отцом .,succeeded
231,1,1.0,"Фотографии процесса демонтажа уже появились в социальных сетях, и, комментируя их, горожане спрашивают: что же будет построено на этом месте?",Горожане комментируют фото демонтажа в соцсетях.,фото комментируют горожанах демонтажа в соцсетях .,succeeded
232,1,1.0,"""И желательно, по его словам, быть энергичными в интернет-пространстве, поскольку """"Единой России"""" сложнее быть в Сети, чем другой политической силе, так как партия находится у власти: """"Вот вы сказали, что выходили к людям, сначала тяжело, критикуют, пар выпускают. У меня та же самая ситуация, когда подходишь. Радуются вначале, потому что видят людей знакомых, а потом говорят: у нас вот это плохо, это, это"""".""","Находящейся у власти партии сложнее быть в Интернете, чем любой другой.","Находящейся у власти интернета сложнее быть в другой , чем любой партии .",succeeded
233,1,,"Искренне разделяем Вашу боль и передаем слова сочувствия и поддержки Вам и Вашим родным. Примите наши искренние соболезнования. В эту горькую минуту разделяем Ваше горе, скорбим вместе с Вами.",Эта минута является горькой и скорбной.,Эта минута является горькой и скорбной.,skipped
234,1,,"По факту гибели людей установлено, что причиной пожара стало неосторожное обращение с огнем при курении. 27-летний мужчина курил на кухне, рядом с комнатой, где спали дети, - пояснил Липатов. – Так как виновник происшествия погиб, уголовное дело в отношении него прекращено.",Виновник погиб.,Виновник погиб.,skipped
235,1,,"Как оказалось, его убил человек, которому он должен был денег.","Выяснилось, кто его убил.","Выяснилось, кто его убил.",skipped
236,0,0.0,"Сам хозяин давно не появлялся на участке, ему позвонили соседи, обнаружив в его доме вскрытую дверь. Мужчина написал заявление в полицию, возбудили уголовное дело, и начался розыск преступников. Когда злоумышленников задержали, они признались в остальных преступлениях.",Соседи починили дверь.,дверь починили соседей .,succeeded
237,0,,"Спасатели рекомендуют гражданам соблюдать правила пожарной безопасности. Они обращают внимание людей на соблюдение правил эксплуатации печей, и просят гасить огонь на ночь. Рекомендуется проветривать помещения, в которых находятся отопительные системы, чтобы избежать опасности отравления продуктами горения.","Спасатели не рекомендуют проветривать комнаты, где находятся отопительные системы.","Спасатели не рекомендуют проветривать комнаты, где находятся отопительные системы.",skipped
238,0,0.0,"Чтобы попасть в первый дом мужчина сорвал замок. Из дома воришка вынес мясорубку, керосиновую лампу, бидон, посуду. Мешок с добычей злоумышленник спрятал в кустах, а сам отправился во второй дом.",Мужчина сорвал замок и украл только бидон.,замок сорвал мужчина и украл только бидон .,succeeded
239,1,,"Руки подсудимого были забинтованы и находились не за спиной, как это положено, а спереди. По просьбе мужчины наручники не зажали максимально плотно. Как только украинец был доставлен в суд, наручники сняли.",Подсудимый был украинцем.,Подсудимый был украинцем.,skipped
240,1,,"""Адвокаты обвиняемых попросили оправдать их по статье 105 УК РФ (убийство), сообщает корреспондент """"Интерфакса"""" из зала суда. Защитник Шкапцовой Владимир Емельянов настаивает на том, что его подзащитная виновата в заведомо ложном доносе и оставлении в опасности, но не в убийстве. Он в очередной раз обратился с просьбой к суду не лишать обвиняемую свободы, поскольку она """"фактически помогла раскрыть преступление, любила дочь и хорошо к ней относилась"""".""",Защитник хочет снять с обвиняемой обвинение в убийстве.,Защитник хочет снять с обвиняемой обвинение в убийстве.,skipped
241,1,,"Темы, которые сегодня активно обсуждают делегаты съезда - «Экономика роста и благосостояния», «Здоровое будущее», «Социальная политика», «Умная сила и культурное лидерство», «Качество государства», «Аграрная сверхдержава», «Быть хозяином в собственном доме». Делегаты из Пензенской области работают на всех площадках. Им есть что сказать по каждой из обозначенных на съезде тем, поскольку среди них есть врачи, учителя, общественные деятели и политики со стажем.",Делегаты из Пензенской области успевают поучаствовать в обсуждении на всех площадках.,Делегаты из Пензенской области успевают поучаствовать в обсуждении на всех площадках.,skipped
242,0,0.0,"Он рассказал, что к нему в гости пришли его знакомая вместе с подругой и ее сыном.",Он рассказал о четырех гостях.,гости рассказал о четырех нём .,succeeded
243,0,,"""Любишь рыбку ловить, люби и штрафы платить.""",За ловлю рыбы всегда штрафуют.,За ловлю рыбы всегда штрафуют.,skipped
244,1,,"Как пояснили в пресс-службе городской администрации, в качестве конкурентного преимущества представители бизнеса предлагают использовать технологию «сложения потенциалов», состоящую в создании замкнутых циклов из отдельных разрозненных экономических цепочек.",«Сложение потенциалов» - это создание замкнутых циклов из отдельных разрозненных экономических цепочек.,«Сложение потенциалов» - это создание замкнутых циклов из отдельных разрозненных экономических цепочек.,skipped
245,0,0.0,"Ежедневно в плотины поступает всё больше и больше воды, что не может не радовать.",Каждый день в плотины поступает горячая вода.,Каждый плотину в воды поступает горячая день .,succeeded
246,0,,"А недавно бабушка заболела, попала в больницу и скоропостижно скончалась.",Бабушка воскресла.,Бабушка воскресла.,skipped
247,1,,"""Около 200 человек эвакуированы из корпуса факультета биологии МГУ в связи с пожаром в подвальном помещении, сообщили """"Интерфаксу"""" в ГУ МЧС России по Москве. """"Пожарные прибыли по адресу: Воробьевы горы, 1 строение 12, где горит трансформаторная подстанция в подвале биологического факультета МГУ"""", - сказал представитель управления. По его словам, тушение осложнено, так как напряжение пока не отключено.""",Трансформаторная подстанция загорелась.,Трансформаторная подстанция загорелась.,skipped
248,1,0.0,"Между тем в кредитной организации заверили, что проблемы возникли с «незначительным» числом устройств самообслуживания (УС).",В кредитной организации приуменьшили масштаб проблемы.,В кредитной масштаба приуменьшили организация проблемы .,failed
249,1,,"Обнаружив пропажу, он сразу позвонил в полицию. Полицейские опросили соседей. Оказалось, что старшая по дому видела, как с утра из подъезда выходил подозрительный парень с креслом.",Очевидцем оказалась старшая по дому.,Очевидцем оказалась старшая по дому.,skipped
250,1,,"Надо, повторяю, еще раз посмотреть это соглашение. Теперь о прессе. Я бы не стал так уж ругаться, потому что федеральные каналы уже и так ругают по поводу их позиции.",На соглашение стоит взглянуть еще раз.,На соглашение стоит взглянуть еще раз.,skipped
251,1,,"Представитель внешнеполитического ведомства отметил, что злоумышленника задержали местные власти.",Злоумышленник задержан.,Злоумышленник задержан.,skipped
252,0,0.0,"Выпивали, веселились, после чего вспыхнула ссора. Гости набросились на хозяйку и избили. Осознав, чем это может грозить, мужчины решили скрыть следы преступления.",Мужчины скрыли следы преступления.,следы скрыли мужчин преступления .,succeeded
253,1,0.0,"Грабитель поджидал своих жертв и, угрожая им пистолетом, отбирал у них все деньги и ценные вещи.",У грабителя был пистолет.,У пистолет был грабителя .,failed
254,0,0.0,"""""""После инцидента 15 августа 2011 г. ко мне приезжал молодой человек со стороны Агафонова, он требовал видеозапись с камер наблюдения"""", - рассказал он. По его словам, угрожавший обещал """"всем устроить, так как побили хорошего человека"""". """"Я отказал, так как это могут требовать только правоохранительные органы"""", - сообщил Береговой.""",Береговой не сделал видеозапись.,видеозаписи не сделал береговая .,succeeded
255,1,,"Сыграло ли это событие роль в решении обвиняемого начать работать на иностранную разведку, пока не известно. Рассмотрение дела Дивенни по существу начнется 12 декабря. Поскольку речь идет о секретных материалах, часть процесса будет проходить в закрытом режиме.",Дивенни мог работать на иностранную разведку.,Дивенни мог работать на иностранную разведку.,skipped
256,0,0.0,"Оказалось, вспыхнула однокомнатная квартира. В горящем помещении спасатели обнаружили мужчину. Как стало известно «Комсомолке», его в бессознательном состоянии вынесли на свежий воздух, но медики уже констатировали смерть.",Мужчина пришел в сознание и умер.,сознание пришел в мужчину и умер .,succeeded
